Intersection,AADT Year,North Approach AADT,South Approach AADT,East Approach AADT,West Approach AADT
MONTREAL STREET @ JOHN COUNTER BOULEVARD (900121),2010,"14,215","15,550",785,"9,648"
PRINCESS STREET @ DIVISION STREET (900208),2010,"13,628","7,476","7,935","14,355"
TAYLOR-KIDD BOULEVARD @ WATERLOO DRIVE (900517),2010,"2,473",0,"19,220","18,678"
COUNTY ROAD 2 @ NIAGARA PARK DRIVE (900965),2010,"4,207","7,544","9,606","14,299"
EARL STREET @ WILLINGDON AVENUE (904255),2010,486,481,664,569
ONTARIO STREET @ PRINCESS STREET (900005),2011,"12,027","10,986","1,223","4,143"
KING STREET WEST @ BARRIE STREET (900032),2011,"4,333",713,"12,272","13,314"
KING STREET WEST @ LOWER UNIVERSITY AVE (900035),2011,"2,961",522,"13,356","14,645"
KING STREET WEST @ COLLINGWOOD STREET (900038),2011,454,0,"17,104","16,942"
KING STREET WEST @ YONGE STREET (900049),2011,798,"1,332","12,076","11,786"
MONTREAL STREET @ ORDNANCE STREET (900104),2011,"7,240","5,628","4,223","3,320"
MONTREAL STREET @ CHARLES STREET (900110),2011,"10,546","10,430",957,868
MONTREAL STREET @ RAILWAY STREET / RIDEAU STREET (900116),2011,"17,965","12,184","6,939","4,330"
BROCK STREET @ DIVISION STREET (900206),2011,"5,492","3,989","10,166","9,216"
DIVISION STREET @ KIRKPATRICK STREET (900228),2011,"19,813","17,908",222,"3,671"
JOHNSON STREET @ ALFRED STREET (900312),2011,"2,066","1,806","9,336","9,341"
JOHNSON STREET @ ALBERT STREET (900314),2011,"1,456","1,756","9,947","10,192"
JOHNSON STREET @ VICTORIA STREET (900316),2011,"1,340","1,157","9,383","9,300"
GARDINERS ROAD @ GOLDEN MILE ROAD (900351),2011,"30,845","29,836",0,"2,954"
BROCK STREET @ BAGOT STREET / CLARENCE ST (900404),2011,"5,332","5,194","8,172","8,452"
BROCK STREET @ BARRIE STREET (900408),2011,"3,179","3,413","9,348","10,263"
BROCK STREET @ ALFRED STREET (900412),2011,"2,214","1,958","9,540","9,506"
TAYLOR-KIDD BOULEVARD @ MILFORD DRIVE (900532),2011,"2,725","2,463","18,852","17,627"
TAYLOR-KIDD BOULEVARD @ PEMBRIDGE CRESCENT (900534),2011,"1,278",491,"17,957","17,845"
COUNTY ROAD 2 @ HIGHWAY 15 (900625),2011,"14,429",0,"16,184","23,010"
BATH ROAD @ ARMSTRONG ROAD (900761),2011,"4,426",0,"35,670","33,301"
PRINCESS STREET @ ALFRED STREET (900812),2011,"1,489","1,274","6,724","6,531"
PRINCESS STREET @ MACDONNELL STREET (900818),2011,"2,758","2,335","15,572","16,964"
PRINCESS STREET @ CENTENNIAL DRIVE (900837),2011,"18,260","16,108","34,551","32,009"
PORTSMOUTH AVENUE @ VALLEYVIEW AVENUE (902251),2011,"8,738","8,863",0,982
MACDONNELL STREET @ EARL STREET (904207),2011,"1,014",982,"1,220",871
EARL STREET @ UNIVERSITY AVENUE (905107),2011,"2,714","2,735","1,170","1,243"
EARL STREET @ SYDENHAM STREET (906204),2011,832,738,807,757
BARRIE STREET @ CLERGY STREET (906303),2011,"3,678","4,009",903,648
RIDEAU STREET @ BAY STREET (907155),2011,"7,574","5,369","3,409","1,068"
BAGOT STREET @ BAY STREET (907156),2011,"2,886","3,448","1,093","1,231"
BAGOT STREET @ NORTH STREET (907206),2011,"2,801","2,985",526,489
PRINCESS STREET @ CLERGY STREET EAST (907401),2011,"2,316","2,707","7,347","7,195"
RAGLAN ROAD @ RIDEAU STREET (907455),2011,"6,501","7,026",0,"1,044"
QUEEN STREET @ BARRIE STREET (909108),2011,"2,274","2,970","8,209","7,905"
BAYRIDGE DRIVE @ ROOSEVELT DRIVE (909454),2011,"1,683",0,"10,468","10,960"
BAYRIDGE DRIVE @ HUDSON DRIVE (909461),2011,"12,663","11,672","2,288","2,309"
CENTENNIAL DRIVE @ DAVIS DRIVE NORTH (909961),2011,"14,805","13,996",10,"2,658"
LANCASTER DRIVE @ OLD COLONY ROAD (933717),2011,"3,069","2,991","1,750",0
EMERALD STREET @ LANGFIELD STREET (935165),2011,453,408,541,502
MIDLAND AVENUE @ LOBLAWS ENTRANCE (936001),2011,"14,917","17,199","3,906",3
PEACHWOOD STREET @ SPINDLEWOOD STREET (936223),2011,0,135,680,600
BUR BROOK ROAD @ CORDUKES ROAD (943050),2011,913,921,199,132
SPOONER ROAD @ LEEMAN ROAD (947405),2011,0,948,974,414
ONTARIO STREET @ JOHNSON STREET (900001),2012,"8,698","6,832",769,"3,144"
BROCK STREET @ ONTARIO STREET (900004),2012,"11,725","9,491",358,"4,284"
JOHNSON STREET @ KING STREET (900023),2012,"6,507","5,923","2,598","3,661"
KING STREET WEST/UNION STREET @ MOWAT AVENUE / UNION ST (900051),2012,"6,052","3,225","13,460","19,133"
KING STREET WEST @ COUNTRY CLUB DRIVE (900055),2012,"2,402",352,"16,745","17,444"
FRONT ROAD @ DAYS ROAD (900066),2012,"9,944",158,"17,272","10,352"
BAYRIDGE DRIVE @ FRONT ROAD / OLD FRONT ROAD (900075),2012,"7,751",317,"8,005","1,925"
BROCK STREET @ MONTREAL STREET (900101),2012,"2,342",247,"9,286","10,239"
DIVISION STREET @ UNION STREET (900201),2012,"2,456",0,"4,296","5,664"
DIVISION STREET @ EARL STREET (900203),2012,"3,272","2,868",991,"1,267"
QUEEN STREET @ DIVISION STREET (900209),2012,"9,429","12,656","9,093",0
PERTH ROAD @ MCADOOS LANE (900260),2012,"8,715","10,432","2,424",0
JOHNSON STREET @ WELLINGTON STREET (900303),2012,"2,907","1,943","3,662","4,807"
JOHNSON STREET @ SYDENHAM STREET (900306),2012,"1,626","1,086","6,577","6,406"
JOHNSON STREET @ CLERGY STREET EAST (900307),2012,"1,849","1,226","6,100","6,614"
JOHNSON STREET @ TORONTO STREET NORTH (900317),2012,443,339,"9,213","9,283"
DAYS ROAD @ HENDERSON BOULEVARD (900345),2012,"12,839","11,622",0,"4,560"
GARDINERS ROAD @ PROGRESS AVENUE / ENTELL DRIVE (900354),2012,"27,691","25,368","5,680","6,422"
GARDINERS ROAD @ PRINCESS STREET (900358),2012,"22,356","21,659","27,028","26,823"
GARDINERS RD @ INVISTA ENTRANCE (900363),2012,"14,590","15,227","1,112",0
GARDINER'S ROAD @ MACROW STREET / FORTUNE CRESCENT (NORTH) (900364),2012,"20,442","16,074","2,636","5,094"
COUNTY ROAD 38 @ UNITY ROAD (900381),2012,"9,229","8,933","1,549","1,169"
BROCK STREET @ CLERGY STREET EAST (900407),2012,"2,313","1,760","8,613","8,530"
BROCK STREET @ ALBERT STREET (900414),2012,"1,267","1,388","9,831","9,820"
BROCK STREET @ VICTORIA STREET (900416),2012,"1,231","1,165","9,326","9,184"
BROCK STREET @ COLLEGE STREET (900422),2012,413,844,"10,081","10,324"
BROCK STREET @ PALACE ROAD (900426),2012,"3,242","4,841","9,636","6,238"
PRINCESS STREET @ SYDENHAM ROAD (900450),2012,"12,533",87,"31,701","28,660"
SYDENHAM ROAD @ CROSSFIELD AVENUE (900452),2012,"14,383","13,696",0,"2,268"
SYDENHAM ROAD @ UNITY ROAD (900478),2012,"6,397","7,474","3,664","2,303"
TAYLOR-KIDD BOULEVARD @ CENTENNIAL DRIVE (900520),2012,"14,141","15,390","19,571","25,651"
TAYLOR KIDD BOULEVARD @ RIOCAN CENTRE (900523),2012,0,"5,863","25,096","20,146"
TAYLOR-KIDD BOULEVARD @ OLD COLONY ROAD (900528),2012,"4,122",0,"17,755","16,089"
TAYLOR-KIDD BOULEVARD @ PROGRESS AVENUE (900530),2012,0,"5,318","16,041","18,582"
TAYLOR-KIDD BOULEVARD @ BAYRIDGE DRIVE (900538),2012,"15,170","13,222","16,350","14,389"
BATH ROAD @ SIR JOHN A. MACDONALD BOULEVARD (900607),2012,"22,485","23,591","20,468","24,687"
SIR JOHN A. MACDONALD BLVD. @ ELMWOOD STREET (900608),2012,"19,781","20,341",0,"2,313"
COUNTY ROAD 15 @ ROSE ABBEY DRIVE (900637),2012,"14,508","13,114","6,014",0
BATH ROAD @ PALACE ROAD (900724),2012,"3,266","6,696","16,123","19,321"
BATH ROAD @ CENTENNIAL DRIVE (900763),2012,"13,453","1,853","30,234","27,589"
BATH ROAD @ TANNER DRIVE (900765),2012,"2,541",0,"26,774","27,132"
BATH ROAD @ GARDINERS ROAD (900767),2012,"25,053","8,743","26,812","26,002"
BATH ROAD @ MCEWEN DRIVE (900769),2012,150,"2,866","23,588","22,411"
BATH ROAD @ COVERDALE DRIVE (900772),2012,0,"10,013","19,567","16,863"
PRINCESS STREET @ ALFRED STREET (900812),2012,"2,527","2,464","14,239","14,415"
PRINCESS STREET @ ALBERT STREET (900814),2012,"1,146",781,"15,828","15,514"
PRINCESS STREET @ FOOD BASICS ENTRANCE (900825),2012,"1,594",388,"28,090","28,588"
PRINCESS STREET @ PORTSMOUTH AVENUE (900828),2012,"4,834","9,842","24,927","29,327"
PRINCESS STREET @ WESTBROOK ROAD (900858),2012,"2,353",829,"8,987","8,194"
COUNTY ROAD 2 @ PRINCESS MARY AVENUE / CRAFTSMAN BOULEVARD (900961),2012,"3,108","4,888","5,031","8,204"
NELSON STREET @ FIRST AVENUE (901057),2012,568,645,672,709
VICTORIA STREET @ THIRD AVENUE (901158),2012,"3,074","2,550",645,"1,131"
VICTORIA STREET @ OAK STREET (901507),2012,0,"2,388","1,394","1,153"
COLLEGEVIEW CRESCENT @ COUNTRY CLUB DRIVE (903978),2012,912,0,"1,245",363
BAGOT STREET @ EARL STREET (906454),2012,"2,989","2,812",659,743
QUEEN STREET @ WELLINGTON STREET (907102),2012,"2,971","3,142","6,466","7,006"
BAGOT STREET @ CHARLES STREET (907211),2012,"1,512","1,781",703,"1,078"
QUEEN STREET @ SYDENHAM STREET (907302),2012,875,"1,075","8,994","9,029"
BARRIE STREET @ ORDNANCE STREET (907502),2012,"2,207","2,264",138,85
SAND HILL ROAD @ SAND GULLY ROAD (909030),2012,246,0,525,510
QUEEN STREET @ BAGOT STREET (909104),2012,"4,357","3,841","7,093","8,019"
BAYRIDGE DRIVE @ COVERDALE DRIVE (909457),2012,"11,502","10,094","7,730","1,242"
BAYRIDGE DRIVE @ OLD COLONY ROAD (909465),2012,"15,289","14,718","1,914","2,102"
BAYRIDGE DRIVE @ WOODBINE ROAD (909466),2012,"13,012","12,268","1,182","4,399"
KINGSTON MILLS ROAD @ STATION ROAD (909785),2012,5,808,"1,752","2,380"
UNION STREET @ COLLEGE STREET (909815),2012,645,0,"9,851","9,984"
WELLINGTON STREET @ PLACE D'ARMES (909903),2012,"6,878","3,607","5,478",0
CENTENNIAL DRIVE @ FRONTENAC MALL ENTRANCE (909950),2012,"12,986","12,912","3,602",491
CENTENNIAL DRIVE @ WATERLOO DRIVE (909960),2012,"13,613","13,054","3,042",0
COUNTY ROAD 15 @ INNOVATION DRIVE / BISCAYNE STREET (912501),2012,"7,818","7,348",998,103
6TH CONCESSION ROAD @ ACCOMMODATION ROAD. (916320),2012,0,195,142,317
MIDLAND AVENUE @ NORWEST ROAD (933640),2012,"11,806","9,887",0,"6,685"
KATHERINE CRESCENT @ LISA STREET (933925),2012,"1,179",0,302,976
ANDERSEN DRIVE @ CROSSFIELD AVENUE (935056),2012,520,"1,073","2,338","1,912"
MIDLAND AVENUE @ TIVOLI AVENUE (936008),2012,"11,168","10,115",0,"3,038"
CATARAQUI WOODS DRIVE @ CEDARWOOD DRIVE / BIRCHWOOD DRIVE (936025),2012,"2,756","2,067","6,365","3,448"
SIERRA AVENUE @ TIVOLI AVENUE (936138),2012,831,"2,178","2,744",5
ONTARIO STREET @ THE TRAGICALLY HIP WAY (900007),2013,"19,105","16,344","1,091","5,206"
KING STREET WEST @ ALBERT STREET (900037),2013,"1,253",0,"13,717","14,464"
KING STREET WEST @ TRAILHEAD PLACE (900055A),2013,450,148,"15,852","15,702"
FRONT ROAD @ INVISTA EAST ENTRANCE / SAND BAY LANE (900059),2013,0,742,"15,956","16,067"
FRONT ROAD @ INVISTA WEST ENTRANCE (900060),2013,0,"1,362","16,194","16,758"
FRONT ROAD @ SUNNYACRES ROAD (900062),2013,0,648,"19,347","19,354"
MONTREAL STREET @ BAY STREET (900105),2013,"8,049","7,289","1,180",726
MONTREAL STREET @ JOHN COUNTER BOULEVARD (900121),2013,"12,694","14,602","1,426","8,338"
MONTREAL STREET @ MACCAULEY STREET (900125),2013,"12,156","12,504",0,833
PRINCESS STREET @ DIVISION STREET (900208),2013,"9,023","4,419","7,026","14,632"
DIVISION STREET @ PINE STREET (900218),2013,"10,910","10,379","2,212","1,711"
DIVISION STREET @ ELLIOTT AVENUE (900231),2013,"20,337","22,442","5,123","5,407"
JOHNSON STREET @ YONGE STREET (900329),2013,0,"2,008","11,519","11,096"
GARDINERS ROAD @ MCDONALD'S ENTRANCE (900351A),2013,"33,956","30,613",326,"4,608"
GARDINERS ROAD @ DEVELOPMENT DRIVE (900352),2013,"25,229","29,254","1,308","8,065"
GARDINERS ROAD @ NORRIS COURT (900361),2013,"18,704","18,643","2,575","1,123"
COUNTY ROAD 38 @ BUR BROOK ROAD (900371),2013,"10,871","10,960",127,192
BROCK STREET @ WELLINGTON STREET (900403),2013,"5,035","4,360","7,639","9,583"
PRINCESS STREET @ SYDENHAM ROAD (900450),2013,"1,109",0,"8,008","8,272"
SYDENHAM ROAD @ BUR BROOK ROAD (900470),2013,"8,436","8,592","1,719",775
JOHN COUNTER BOULEVARD @ RIGNEY STREET (900503),2013,"1,671",0,"12,851","12,873"
JOHN COUNTER BOULEVARD @ LEROY GRANT DRIVE (900504),2013,"3,095","4,104","13,321","17,009"
TAYLOR-KIDD BOULEVARD @ WATERLOO DRIVE (900517),2013,"2,585",0,"19,288","18,541"
TAYLOR-KIDD BOULEVARD @ BEXLEY GATE (900522),2013,"1,989",0,"26,787","28,190"
TAYLOR-KIDD BOULEVARD @ LISTON DRIVE (900542),2013,"1,167","1,736","14,536","13,037"
TAYLOR-KIDD BOULEVARD @ CORONATION BOULEVARD (900580),2013,522,"3,105","8,440","5,349"
SIR JOHN A. MACDONALD BLVD. @ NORMAN ROGERS DRIVE (900605),2013,"23,774","24,293",0,"2,441"
SIR JOHN A. MACDONALD BLVD. @ GLENGARRY ROAD (900612),2013,"16,164","16,922",0,"2,146"
SIR JOHN A. MACDONALD BLVD. @ DALTON AVENUE (900616),2013,"17,296","21,389","7,396","9,968"
COUNTY ROAD 2 @ HIGHWAY 15 (900625),2013,"14,477",0,"14,379","22,261"
COUNTY ROAD 15 @ CRAFTSMAN BOULEVARD (CFB KINGSTON) (900628),2013,"17,388","14,440","3,223",0
COUNTY ROAD 15 @ BARRETT COURT (900630),2013,"17,868","18,070","1,340",0
COUNTY ROAD 15 @ MEDLEY COURT (900631),2013,"17,536","16,701","1,376",981
COUNTY ROAD 15 @ POINT ST. MARK DRIVE / GRENADIER DRIVE (900632),2013,"15,981","18,322","2,289","1,629"
COUNTY ROAD 15 @ GORE ROAD (900633),2013,"13,366","15,963","7,274","1,289"
CONCESSION STREET @ ALFRED STREET (900711),2013,"1,897","7,549","15,097","19,396"
CONCESSION STREET @ FERGUS STREET (900713),2013,316,0,"13,625","13,746"
CONCESSION STREET @ KINGSCOURT AVENUE (900714),2013,"1,218",0,"13,771","14,438"
CONCESSION STREET @ VICTORIA STREET (900716),2013,"3,001","2,228","20,785","21,558"
CONCESSION STREET @ MACDONNELL STREET (900718),2013,"1,248","2,674","19,324","19,678"
COVERDALE DRIVE @ STONERIDGE DRIVE (900795),2013,"3,072","1,417","8,974","9,548"
PRINCESS STREET @ ALFRED STREET (900812),2013,"4,033","3,208","16,179","15,348"
PRINCESS STREET @ VICTORIA STREET (900816),2013,"1,488","2,035","16,399","16,325"
PRINCESS STREET @ DRAYTON STREET (900820),2013,"1,242",0,"17,582","18,312"
PRINCESS STREET @ REGENT STREET (900821),2013,0,"2,192","20,154","20,392"
PRINCESS STREET @ PARKWAY (900829),2013,"1,750","1,451","31,795","31,405"
PRINCESS STREET @ AUGUSTA DRIVE / FUTURES GATE (900835),2013,"4,088","3,942","28,867","28,697"
PRINCESS STREET @ COLLINS BAY ROAD / CATARAQUI WOODS DRIVE (900852),2013,0,"8,178","12,318","10,981"
COUNTY ROAD 2 @ PRINCESS MARY AVENUE / CRAFTSMAN BOULEVARD (900961),2013,"3,969","5,914","6,369","10,049"
COUNTY ROAD 2 @ FORT HENRY DRIVE / NAVY WAY (900968),2013,"3,725","5,381","22,105","22,454"
PORTSMOUTH AVENUE @ PHILLIPS STREET (902118),2013,"11,061","11,183",685,253
UNION STREET @ YONGE STREET (903207),2013,994,877,"5,859","5,688"
PORTSMOUTH AVENUE @ NICKLE AVENUE (903672),2013,"10,684","9,984",0,"1,368"
QUEEN MARY ROAD @ GREENVIEW DRIVE (903944),2013,"6,364","5,564",0,"1,463"
MACDONNELL STREET @ HILL STREET (904153),2013,888,855,270,0
MACDONNELL STREET @ UNION STREET (904205),2013,795,0,"8,805","8,887"
EARL STREET @ VICTORIA STREET (904251),2013,"1,119",930,972,895
STUART STREET @ LOWER UNIVERSITY AVE (905054),2013,"1,667","2,221","4,125","3,721"
ALBERT STREET @ EARL STREET (905258),2013,"1,508","1,542","1,043",892
UNION STREET @ ALBERT STREET (905305),2013,"1,149","2,288","6,621","7,634"
MACK STREET @ NELSON STREET (905411),2013,374,395,960,963
BAGOT STREET @ WEST STREET (906154),2013,"2,291","2,082","2,372","1,705"
QUEEN STREET @ KING STREET EAST (907002),2013,"3,171","4,961","6,547","7,954"
KING STREET EAST @ BARRACK STREET / THE TRAGICALLY HIP WAY (907003),2013,"1,223","2,954","5,169","5,629"
KING STREET EAST @ PLACE D'ARMES (907004),2013,483,"1,239","4,335","5,024"
PRINCESS STREET @ WELLINGTON STREET (907101),2013,"3,929","4,038","5,482","6,424"
WELLINGTON STREET @ BARRACK STREET (907103),2013,"3,459","3,849","5,993","5,760"
WELLINGTON STREET @ ORDNANCE STREET (907104),2013,"3,774","6,871",0,"3,499"
BAGOT STREET @ RAGLAN ROAD (907207),2013,"1,619","2,082",825,"1,465"
SYDENHAM STREET @ ORDNANCE STREET (907304),2013,"1,065","1,059","3,329","3,582"
QUEEN STREET @ CLERGY STREET EAST (907402),2013,"1,162","2,537","11,342","10,692"
PATRICK STREET @ JOHN STREET (907409),2013,"2,171","1,714",727,473
BARRIE STREET @ YORK STREET (907506),2013,"1,958","2,134","3,667","3,331"
BARRIE STREET @ QUEBEC STREET (907510),2013,"1,767","1,927",254,226
PATRICK STREET @ JOSEPH STREET (908257),2013,"1,793","1,737",510,407
WELLER AVENUE @ WILSON STREET (908612),2013,"1,684",656,"2,402","2,242"
QUEEN MARY ROAD @ CAMPBELL CRESCENT (909338),2013,"3,684","3,580",179,0
COLLINS BAY ROAD @ SAFARI DRIVE NORTH / HUMBERSIDE DRIVE (909558),2013,"8,676","8,762",917,445
DALTON AVENUE @ KING'S CROSSING ENTRANCE (909623A),2013,"2,288",910,"7,082","6,684"
PORTSMOUTH AVENUE @ VAN ORDER DRIVE (909715),2013,"14,369","11,430","3,785",0
PALACE ROAD @ WRIGHT CRESCENT NORTH (909756),2013,"6,649","5,438",0,"2,390"
UNION STREET @ ELLERBECK STREET / WILLINGDON AVENUE (909814),2013,451,451,"10,396","10,352"
CENTENNIAL DRIVE @ KINGSDALE AVENUE / MALABAR DRIVE (909953),2013,"17,389","16,009","3,482","2,358"
CENTENNIAL DRIVE @ WHEATHILL STREET (909957),2013,"15,729","15,181",480,"1,485"
CENTENNIAL DRIVE @ CROSSFIELD AVENUE (909967),2013,"8,356","8,849","2,647",0
CATARAQUI WOODS DRIVE @ CENTENNIAL DRIVE (909970),2013,"2,174","7,797",567,"5,924"
FORT HENRY DRIVE @ PRECISION DRIVE (911081),2013,0,"5,119","1,439","5,939"
GORE ROAD @ DONALD STREET / GRENADIER DRIVE (912160),2013,"2,080",881,"2,281","4,320"
ST. MARTHA STREET @ MOLLY MCGLYNN STREET (912450),2013,581,535,642,425
COUNTY ROAD 15 @ INNOVATION DRIVE / BISCAYNE STREET (912501),2013,"14,532","14,700","3,295",773
CHELSEA ROAD @ HYDE STREET (931115),2013,896,929,746,0
OLD COLONY ROAD @ RIDLEY DRIVE (933055),2013,"3,135",0,"2,286","3,299"
RIDLEY DR @ NORWEST RD (933642),2013,446,"3,318","3,601",263
LANCANSTER DR @ BRIDLE PATH CRESCENT /  STRAND BOULEVARD (933713),2013,222,"1,606","2,301","1,530"
ONTARIO STREET @ CLARENCE STREET (900002),2014,"10,039","9,538","1,330","1,337"
ONTARIO STREET @ THE TRAGICALLY HIP WAY (900007),2014,"18,410","15,593","1,090","5,144"
BROCK STREET @ KING STREET EAST (900020),2014,"5,254","6,078","4,702","6,512"
KING STREET WEST @ ELLERBECK STREET (900042),2014,270,0,"13,492","13,504"
KING STREET WEST @ SIR JOHN A. MACDONALD BOULEVARD (900047),2014,"5,259",127,"13,910","11,724"
KING STREET WEST @ YONGE STREET (900049),2014,835,"1,293","10,148","9,917"
KING STREET WEST/UNION STREET @ MOWAT AVENUE / UNION ST (900051),2014,"4,565","2,443","9,848","14,061"
KING STREET WEST @ MCDONALD AVENUE (900052),2014,379,431,"16,543","16,291"
KING STREET WEST @ PORTSMOUTH AVENUE (900054),2014,"6,968","2,495","15,170","14,922"
KING STREET WEST @ COUNTRY CLUB DRIVE (900055),2014,"2,699",504,"15,473","15,916"
FRONT ROAD @ LAKEVIEW AVENUE (900067),2014,613,646,"10,850","10,347"
FRONT ROAD @ CHELSEA ROAD (900070),2014,909,0,"9,116","8,391"
BAYRIDGE DRIVE @ FRONT ROAD / OLD FRONT ROAD (900075),2014,"7,721",242,"7,994","1,922"
BROCK STREET @ MONTREAL STREET (900101),2014,"1,731",399,"6,305","7,248"
DIVISION STREET @ UNION STREET (900201),2014,"2,851",0,"4,991","6,595"
DIVISION STREET @ RAILWAY STREET (900226),2014,"16,810","14,381","4,853",0
DIVISION STREET @ BARBARA AVENUE (900227),2014,"17,878","17,205",481,"1,119"
DIVISION STREET @ JOHN COUNTER BOULEVARD (900233),2014,"24,415","17,093","7,922","13,667"
JOHNSON STREET @ UNIVERSITY AVENUE (900311),2014,"1,577","1,683","8,786","9,071"
JOHNSON STREET @ VICTORIA STREET (900316),2014,"1,185","1,008","9,563","9,554"
JOHNSON STREET @ MACDONNELL STREET (900318),2014,849,685,"10,621","10,724"
JOHNSON STREET @ HELEN STREET (900323),2014,"1,293",547,"11,098","11,213"
JOHNSON STREET @ SIR JOHN A. MACDONALD BOULEVARD (900327),2014,"17,506","11,710","13,111","10,069"
JOHNSON STREET @ MOWAT AVENUE (900330),2014,0,"1,710","9,326","8,974"
GARDINERS ROAD @ ARLINGTON PARK PLACE (900355),2014,"26,945","28,930",0,"4,062"
COUNTY ROAD 38 @ CORDUKES ROAD (900370),2014,"10,850","12,001","1,179",0
COUNTY ROAD 38 @ ORSER ROAD (900395),2014,"9,466","9,740",432,0
BROCK STREET @ SYDENHAM STREET (900406),2014,0,"1,397","10,264","10,116"
BROCK STREET @ UNIVERSITY AVENUE (900411),2014,"1,819","1,999","10,311","10,749"
BROCK STREET @ VICTORIA STREET (900416),2014,"1,356","1,121","10,042","9,945"
SYDENHAM ROAD @ SUNNYSIDE ROAD (900459),2014,"9,493","10,062","1,198",766
SYDENHAM ROAD @ LATIMER ROAD (900482),2014,"6,265","7,069","1,191",0
SIR JOHN A. MACDONALD BLVD. @ JOHN COUNTER BOULEVARD (900507),2014,"20,382","17,537","19,302","19,007"
JOHN COUNTER BOULEVARD @ ABERFOYLE ROAD (900508),2014,130,"2,498","21,669","20,529"
JOHN COUNTER BOULEVARD @ PORTSMOUTH AVENUE (900510),2014,0,"3,872","20,203","17,192"
PRINCESS STREET @ TAYLOR-KIDD BOULEVARD / JOHN COUNTER BOULEVARD (900514),2014,"17,224","19,416","29,423","32,391"
TAYLOR-KIDD BOULEVARD @ SEXTON PLACE / STRAND BOULEVARD (900540),2014,"3,292",512,"14,730","13,840"
SIR JOHN A. MACDONALD BLVD. @ UNION STREET (900602),2014,"11,682","5,149","9,853","6,327"
PATRICK STREET @ STEPHEN STREET (900707),2014,"1,791","1,831","6,316","7,281"
BATH ROAD @ QUEEN MARY ROAD (900729),2014,"1,582","8,335","32,043","35,852"
BATH ROAD @ K-MART PLAZA ENTRANCE (900766),2014,"1,414",0,"28,860","29,249"
COUNTY ROAD 2 @ FORT HENRY DRIVE / NAVY WAY (900968),2014,"2,955","4,914","21,184","21,724"
ROBERT WALLACE DRIVE @ RICHARDSON DRIVE (SOUTH) (903903),2014,0,465,"1,797","1,952"
MACK STREET @ REGENT STREET (904355),2014,"2,162","2,055",880,576
UNION STREET @ UNIVERSITY AVENUE (905105),2014,"2,704","3,994","6,777","7,654"
WELLER AVENUE @ WILEY STREET (908761),2014,0,"1,409","2,683","3,582"
MIDDLE ROAD @ JOYCEVILLE ROAD (909060),2014,"2,111","1,805","1,348","1,553"
RIDEAU STREET @ BARRACK STREET (909214),2014,"3,765",0,"5,971","4,283"
RIDEAU STREET @ ORDNANCE STREET (909216),2014,"5,009","3,536","3,192","2,222"
JOHNSON STREET @ PORTSMOUTH AVENUE (909333),2014,"11,836","13,286","10,009","5,163"
QUEEN MARY ROAD @ ROBERT WALLACE DRIVE (909340),2014,"6,502","5,488","1,423",0
BAYRIDGE DRIVE @ CEDARWOOD DRIVE (909468),2014,"4,539","6,995","2,733",0
BAYRIDGE DRIVE @ CATARAQUI WOODS DRIVE (909470),2014,"2,426","4,531","4,287","2,272"
COLLINS BAY ROAD @ WOODBINE ROAD (909559),2014,"8,538","9,927","1,851","1,296"
PORTSMOUTH AVENUE @ ST. LAWRENCE COLLEGE ENTRANCE (909708),2014,"10,476","8,149",0,"4,116"
WESTBROOK ROAD @ CREEKFORD ROAD (909860),2014,"1,932","2,099","1,789",0
ROSE ABBEY DRIVE @ MCCALLUM DRIVE (912174),2014,"1,186","1,136",619,200
GREENWOOD PARK DRIVE @ ROSE ABBEY DRIVE (912425),2014,"2,775","1,806","2,966","6,688"
HENDERSON BOULEVARD @ MCEWEN DRIVE (931323),2014,787,473,"4,886","4,864"
HENDERSON BOULEVARD @ GLEN CASTLE ROAD (931340),2014,561,"1,611","3,347","2,741"
HENDERSON BOULEVARD @ ROOSEVELT DRIVE (931351),2014,"1,783",260,"4,887","3,860"
LANCASTER DRIVE @ MILFORD DRIVE (933714),2014,"3,600","2,330","2,885",0
MIDLAND AVENUE @ MACROW STREET (936010),2014,"6,178","11,451","5,736",126
ONTARIO STREET @ THE TRAGICALLY HIP WAY (900007),2015,"18,377","15,070",912,"5,265"
KING STREET EAST @ WEST STREET (900028),2015,"1,572","6,225","5,022","10,805"
KING STREET WEST @ LOWER UNIVERSITY AVE (900035),2015,"2,046",401,"8,575","9,306"
BROCK STREET @ MONTREAL STREET (900101),2015,"3,218",860,"10,913","12,664"
PRINCESS STREET @ MONTREAL STREET (900102),2015,"3,643","3,360","7,343","8,301"
MONTREAL STREET @ STEPHEN STREET (900112),2015,"10,242","10,834",0,"6,174"
MONTREAL STREET @ JOHN COUNTER BOULEVARD (900121),2015,"19,341","20,822","1,420","10,062"
BATTERSEA ROAD @ MCADOOS LANE (900145),2015,"7,749","7,620",0,"1,403"
BATTERSEA ROAD @ KINGSTON MILLS ROAD (900155),2015,"6,431","8,948","4,390",0
DIVISION STREET @ CONCESSION STREET / STEPHEN STREET (900221),2015,"15,045","10,803","8,030","13,478"
DIVISION STREET @ JOHN COUNTER BOULEVARD (900233),2015,"29,262","21,311","8,139","15,364"
DIVISION STREET @ FIRST CANADA AVENUE (900235),2015,"21,339","21,168","4,226","7,037"
DIVISION STREET @ BENSON STREET / DALTON AVENUE (900236),2015,"19,043","20,008","7,776","9,326"
PERTH ROAD @ UNITY ROAD (900285),2015,"6,515","6,709","2,386","2,902"
JOHNSON STREET @ UNIVERSITY AVENUE (900311),2015,"1,774","1,866","9,466","9,723"
JOHNSON STREET @ HELEN STREET (900323),2015,539,0,"8,399","8,469"
GARDINERS ROAD @ BOSTON PIZZA ENTRANCE (900354A),2015,"25,456","23,328","4,032",683
COUNTY ROAD 38 @ MCIVOR ROAD (900368),2015,"11,313","12,281","3,156",0
COUNTY ROAD 38 @ BUR BROOK ROAD (900371),2015,"10,171","10,267",155,230
COUNTY ROAD 38 @ UNITY ROAD (900381),2015,"10,093","9,878","1,224","1,183"
BROCK STREET @ UNIVERSITY AVENUE (900411),2015,"2,197","1,841","8,495","8,292"
BROCK STREET @ VICTORIA STREET (900416),2015,"1,192","1,040","9,477","9,365"
BROCK STREET @ REGENT STREET (900421),2015,"1,359",707,"12,023","11,876"
SYDENHAM ROAD @ UNITY ROAD (900478),2015,"7,163","8,378","4,011","2,563"
JOHN COUNTER BOULEVARD @ LAPPAN'S LANE (900505),2015,"3,662","3,076","20,399","22,191"
SIR JOHN A. MACDONALD BLVD. @ JOHN COUNTER BOULEVARD (900507),2015,"25,166","21,222","22,222","21,291"
TAYLOR-KIDD BOULEVARD @ COLLINS BAY ROAD (900546),2015,"9,811","9,865","9,453","8,029"
COUNTY ROAD 2 @ HIGHWAY 15 (900625),2015,"13,644",0,"13,472","20,241"
COUNTY ROAD 15 @ CRAFTSMAN BOULEVARD (CFB KINGSTON) (900628),2015,"17,300","14,502","3,006",0
COUNTY ROAD 15 @ BARRETT COURT (900630),2015,"16,246","16,491","1,249",0
COUNTY ROAD 15 @ MEDLEY COURT (900631),2015,"17,160","16,115","1,650","1,036"
COUNTY ROAD 15 @ POINT ST. MARK DRIVE / GRENADIER DRIVE (900632),2015,"15,613","17,445","1,904","1,383"
COUNTY ROAD 15 @ GORE ROAD (900633),2015,"13,339","15,869","7,003","1,020"
COUNTY ROAD 15 @ ROSE ABBEY DRIVE (900637),2015,"14,941","13,152","6,608",0
BATH ROAD @ KINGSTON CENTRE (900724A),2015,"4,401",913,"20,421","22,901"
BATH ROAD @ DAYS ROAD (900768),2015,"5,259","15,987","30,594","27,343"
BATH ROAD @ COVERDALE DRIVE (900772),2015,0,"9,453","20,368","17,256"
BATH ROAD @ COLLINS BAY ROAD (900777),2015,"7,740",1,"13,889","14,441"
PRINCESS STREET @ MOOALLIM PLACE (900824),2015,"3,957","6,657","22,356","24,703"
PRINCESS STREET @ WESTBROOK ROAD (900858),2015,"3,146","1,187","10,617","9,413"
COUNTY ROAD 2 @ PRINCESS MARY AVENUE / CRAFTSMAN BOULEVARD (900961),2015,"2,960","4,490","6,600","9,194"
COUNTY ROAD 2 @ NIAGARA PARK DRIVE (900965),2015,"3,461","7,204","9,232","13,461"
COUNTY ROAD 2 @ FORT HENRY DRIVE / NAVY WAY (900968),2015,"3,342","5,221","21,451","21,923"
INDIAN ROAD @ OLD QUARRY ROAD (902709),2015,492,502,546,423
ROBERT WALLACE DRIVE @ RICHARDSON DRIVE (NORTH) (903908),2015,0,560,"1,625","1,775"
PORTSMOUTH AVENUE @ MILES AVENUE (903918),2015,"12,107","11,366",0,"1,716"
MACK STREET @ HELEN STREET (904357),2015,830,795,434,194
CARRUTHERS STREET @ HELEN STREET (904557),2015,573,744,396,561
BARRIE STREET @ STUART STREET (905051),2015,"5,262","4,078",195,"4,032"
UNION STREET @ ALBERT STREET (905305),2015,"1,377","2,904","8,157","9,217"
CLERGY STREET EAST @ EARL STREET (906304),2015,"1,065",851,"1,553","1,129"
RIDEAU STREET @ BAY STREET (907155),2015,"7,988","5,445","3,400",827
BAGOT STREET @ ORDNANCE STREET (907204),2015,"3,221","5,061","2,718","4,102"
PRINCESS STREET @ BARRIE STREET (909008),2015,"2,892","3,201","7,248","7,353"
UNITY ROAD @ CORDUKES ROAD (909280),2015,0,907,"2,344","1,682"
BAYRIDGE DRIVE @ ACADIA DRIVE (SOUTH) / CONSERVATORY DRIVE (909455),2015,"9,515","9,635",518,"1,742"
BAYRIDGE DRIVE @ LINCOLN DRIVE (909460),2015,"11,826","12,786","1,010","2,267"
BAYRIDGE DRIVE @ MILFORD DRIVE (909464),2015,"14,744","15,304","1,601","2,342"
WESTBROOK ROAD @ CREEKFORD ROAD (909860),2015,"1,756","2,126","1,732",0
CENTENNIAL DRIVE @ DAVIS DRIVE SOUTH / EDGAR STREET (909959),2015,"14,385","14,657","1,039","1,848"
ROSE ABBEY CRESCENT @ DALGLEISH AVENUE (912157),2015,"1,149","1,271",464,201
FIELDSTONE DRIVE @ ST. MARTHA STREET (912190),2015,758,792,0,595
COUNTY ROAD 15 @ INNOVATION DRIVE / BISCAYNE STREET (912501),2015,"15,888","16,053","3,556","1,024"
BISCAYNE STREET @ SCHOONER STREET (912658),2015,62,451,"1,007",548
HENDERSON BOULEVARD @ GLEN CASTLE ROAD (931340),2015,639,"1,744","3,516","2,835"
LANCASTER DRIVE @ OLD COLONY ROAD (933717),2015,"2,907","2,890","1,697",0
CROSSFIELD AVENUE @ EMERALD STREET / SAVANNAH COURT (935162),2015,348,730,"2,292","2,848"
MIDLAND AVENUE @ WAL-MART ENTRANCE (936002),2015,"9,583","14,799","6,330","1,536"
BUR BROOK ROAD @ CORDUKES ROAD (943050),2015,"1,392","1,369",242,191
PERTH ROAD @ SPOONER ROAD (947403),2015,"7,716","7,070",103,"1,122"
ONTARIO STREET @ THE TRAGICALLY HIP WAY (900007),2016,"19,093","15,891","1,074","5,296"
MONTREAL STREET @ RAGLAN ROAD (900107),2016,"9,155","7,766","1,602",698
MONTREAL STREET @ HICKSON AVENUE (900119),2016,"16,699","17,282",0,"1,511"
MONTREAL STREET @ JOHN COUNTER BOULEVARD (900121),2016,"15,121","17,334","1,456","10,885"
MONTREAL STREET @ BRICELAND STREET (900122),2016,"12,945","13,743",0,"1,230"
MONTREAL STREET @ WELLER AVENUE (900124),2016,"11,239","11,957",0,"1,957"
MONTREAL STREET @ SUTHERLAND DRIVE (900127),2016,"10,708","10,934",119,"2,894"
BATTERSEA ROAD @ UNITY ROAD (900185),2016,"4,330","4,994",356,"1,793"
DIVISION STREET @ JOHN COUNTER BOULEVARD (900233),2016,"28,501","20,228","9,023","16,090"
DIVISION STREET @ WELLER AVENUE (900234),2016,"27,315","28,595","2,186",7
DIVISION STREET @ FIRST CANADA AVENUE (900235),2016,"29,075","30,345","5,989","8,013"
BUR BROOK ROAD @ PERTH ROAD (900270),2016,"8,685","9,470",27,"1,164"
JOHNSON STREET @ FRONTENAC STREET (900313),2016,560,913,"9,309","9,420"
JOHNSON STREET @ NELSON STREET (900315),2016,204,197,"9,387","9,341"
JOHNSON STREET @ REGENT STREET (900321),2016,630,0,"9,491","9,175"
JOHNSON STREET @ PALACE ROAD (900326),2016,"4,347",37,"9,594","12,314"
GARDINERS ROAD @ CATARAQUI CENTRE (900357),2016,"22,602","27,087",370,"8,143"
BROCK STREET @ NELSON STREET (900415),2016,256,247,"9,324","9,364"
BROCK STREET @ NAPIER STREET (900419),2016,474,459,"10,186","10,115"
SYDENHAM ROAD @ CROSSFIELD AVENUE (900452),2016,"15,388","14,501",0,"3,374"
SIR JOHN A. MACDONALD BLVD. @ NORMAN ROGERS DRIVE (900605),2016,"23,424","23,825",0,"2,426"
SIR JOHN A. MACDONALD BLVD. @ MACPHERSON AVENUE (900606),2016,"24,319","23,549",0,"2,123"
SIR JOHN A. MACDONALD BLVD. @ TERRY FOX DRIVE (900614),2016,"26,259","25,272","2,966","3,346"
CONCESSION STREET @ NELSON STREET (900715),2016,691,739,"16,398","16,582"
CONCESSION STREET @ LEROY GRANT DRIVE (900719),2016,"1,636","1,819","9,032","9,185"
BATH ROAD @ PORTSMOUTH AVENUE (900727),2016,"12,778","17,201","28,043","33,898"
BATH ROAD @ CANATARA COURT (900770),2016,0,"2,463","24,784","23,912"
BATH ROAD @ VISTA DRIVE (900771),2016,0,"5,185","26,034","23,991"
BATH ROAD @ COLLINS BAY ROAD (900777),2016,"8,886",27,"15,142","15,449"
PRINCESS STREET @ FRONTENAC STREET (900813),2016,306,331,"11,091","11,102"
PRINCESS STREET @ MCMICHAEL STREET / HILLENDALE AVENUE (900826),2016,"1,361","1,109","26,706","26,290"
PRINCESS STREET @ ANDERSEN DRIVE (900834),2016,"3,439","1,991","29,693","28,074"
PRINCESS STREET @ ROSANNA AVENUE / LISA STREET (900850),2016,948,"1,477","12,949","11,473"
COUNTY ROAD 2 @ JOYCEVILLE ROAD / HOWE ISLAND FERRY ENTRANCE (900921),2016,"1,437",871,"3,194","3,896"
COUNTY ROAD 2 @ ABBEY DAWN ROAD (900936),2016,963,70,"4,812","5,045"
COUNTY ROAD 2 @ FORT HENRY DRIVE / NAVY WAY (900968),2016,"3,341","4,925","22,488","22,829"
PORTSMOUTH AVENUE @ PHILLIPS STREET (902118),2016,"10,692","10,803",692,254
WESTMORLAND ROAD @ GLENGARRY ROAD (902402),2016,662,426,"1,309","1,454"
NORMAN ROGERS DRIVE @ BYRON CRESCENT NORTH (903008),2016,634,0,"1,695","1,479"
COLLEGEVIEW CRESCENT @ COUNTRY CLUB DRIVE (903978),2016,488,"1,662","1,242",0
PARK STREET @ TORONTO STREET (904115),2016,171,616,752,"1,023"
EARL STREET @ NAPIER STREET (904254),2016,417,329,506,459
MACK STREET @ HELEN STREET (904357),2016,692,629,375,159
TRAYMOOR/ LIVINGSTON STREET @ UNION STREET (904504),2016,225,471,"8,702","8,738"
UNION STREET @ UNIVERSITY AVENUE (905105),2016,"2,012","2,719","4,527","4,927"
ONTARIO STREET @ LOWER UNION STREET (906002),2016,"6,713","6,670",363,257
BARRIE STREET @ EARL STREET (906457),2016,"6,285","5,715","1,079","1,185"
BAGOT STREET @ ORDNANCE STREET (907204),2016,"3,527","5,479","2,861","4,510"
BAGOT STREET @ NORTH STREET (907206),2016,"2,425","2,626",361,420
CATARAQUI STREET @ RIDEAU STREET (907955),2016,"7,337","7,819","2,622",589
PATRICK STREET @ RAILWAY STREET (908306),2016,207,"2,020","4,274","4,399"
WELLER AVENUE @ FIRST CANADA AVENUE (908815),2016,"3,288",0,"4,900","2,201"
MIDDLE ROAD @ ABBEY DAWN ROAD / JOHN F SCOTT ROAD (909150),2016,715,"1,076","1,699","1,936"
UNION STREET @ ALFRED STREET (909406),2016,"1,346",0,"4,929","5,499"
ALFRED STREET @ ELM STREET / JENKINS STREET (909414),2016,"2,731","2,546",428,249
BAYRIDGE DRIVE @ ACADIA DRIVE (NORTH) (909456),2016,"12,841","11,531",0,"1,650"
COLLINS BAY ROAD @ PRINCE CHARLES DRIVE / EDWIN STREET (909554),2016,"9,307","9,692",866,"1,929"
COLLINS BAY ROAD @ CARMIL BOULEVARD / AYLMER CRESCENT (909555),2016,"9,961","8,952",732,862
WESTBROOK ROAD @ ROSHAN DRIVE (909858),2016,"1,907","2,313",0,954
CLERGY STREET EAST @ ORDNANCE ST (909909),2016,0,"1,113","3,191","3,098"
CENTENNIAL DRIVE @ CROSSFIELD AVENUE (909967),2016,"8,423","9,156","2,467",0
GORE ROAD @ DALGLEISH AVENUE / MACLEAN COURT (912151),2016,408,355,"6,842","7,402"
DALGLEISH AVENUE @ FIELDSTONE DRIVE (WEST) (912155),2016,99,0,"1,082","1,106"
ROSE ABBEY CRESCENT @ DALGLEISH AVENUE (912157),2016,"1,344","1,365",307,173
FIELDSTONE DRIVE @ DALGLEISH AVENUE (EAST) (912169),2016,99,0,"1,082","1,106"
DOLSHIRE STREET @ MALABAR DRIVE (932174),2016,981,675,"1,612",0
BEXLEY GATE @ DAVIS DRIVE (932405),2016,126,"2,215","1,609","2,111"
DAVIS DRIVE @ KILLARNEY CRESCENT / MUIRFIELD CRESCENT (932419),2016,166,598,"1,979","1,619"
DEVELOPMENT DRIVE @ TRUEDELL ROAD (933007),2016,"1,851",0,"5,412","4,446"
WOODBINE ROAD @ NEWHALL DRIVE (933088),2016,19,700,"4,619","4,403"
WOODBINE ROAD @ WISE STREET EAST (933089),2016,469,0,"4,734","4,354"
WOODBINE ROAD @ WISE STREET WEST (933091),2016,324,0,"3,629","3,597"
WOODBINE ROAD @ MONA DRIVE (933094),2016,142,"1,505","2,938","2,171"
LANCASTER DRIVE @ OLD COLONY ROAD (933717),2016,"2,090","2,001","1,069",0
CATARAQUI WOODS DRIVE @ JUNIPER DRIVE / LARCHWOOD CRESCENT (936027),2016,850,309,"3,558","3,826"
BAYRIDGE DRIVE @ CREEKFORD RD (936507),2016,0,"4,488","5,707","1,834"
MCIVOR ROAD @ SUNNYSIDE ROAD (943103),2016,"2,677","2,072",849,370
SYDENHAM ROAD @ ORSER ROAD (948901),2016,"4,793","5,309",0,656
ONTARIO STREET @ THE TRAGICALLY HIP WAY (900007),2017,"19,650","16,278","1,079","5,596"
KING STREET WEST @ BARRIE STREET (900032),2017,"3,487",768,"11,852","12,226"
KING STREET WEST @ TRAILHEAD PLACE (900055A),2017,391,344,"16,126","15,961"
FRONT ROAD @ WELBORNE AVENUE (900072),2017,"1,099",157,"8,534","7,687"
QUEEN STREET @ MONTREAL STREET (900103),2017,"5,253","3,098","10,612","9,490"
MONTREAL STREET @ ORDNANCE STREET (900104),2017,"7,869","5,455","4,564","2,743"
MONTREAL STREET @ BAY STREET (900105),2017,"8,408","7,394","1,291",634
MONTREAL STREET @ CHARLES STREET (900110),2017,"11,350","10,845","1,179",658
MONTREAL STREET @ RAILWAY STREET / RIDEAU STREET (900116),2017,"18,458","12,392","7,489","3,844"
MONTREAL STREET @ VILLAGE DRIVE (900119A),2017,"16,391","16,467",357,172
MONTREAL STREET @ CASSIDY STREET (900120),2017,"16,337","16,397",0,369
DIVISION STREET @ JOHNSON STREET (900205),2017,"4,706","3,458","8,679","9,491"
BROCK STREET @ DIVISION STREET (900206),2017,"6,613","4,727","11,861","10,644"
PRINCESS STREET @ DIVISION STREET (900208),2017,"10,308","3,480","6,731","12,089"
QUEEN STREET @ DIVISION STREET (900209),2017,"9,374","11,251","10,013",324
DIVISION STREET @ YORK STREET (900216),2017,"10,958","10,559","2,788","2,246"
DIVISION STREET @ BENSON STREET / DALTON AVENUE (900236),2017,"24,634","24,016","11,076","10,383"
JOHNSON STREET @ BAGOT STREET (900304),2017,"6,110","3,825","4,619","7,178"
JOHNSON STREET @ BARRIE STREET (900308),2017,"4,468","4,634","7,929","9,190"
JOHNSON STREET @ ALFRED STREET (900312),2017,"2,261","2,096","9,829","9,790"
GARDINERS ROAD @ RIOCAN CENTRE (900353),2017,"24,131","24,926","6,582",119
GARDINERS ROAD @ TAYLOR-KIDD BOULEVARD (900356),2017,"24,444","25,260","20,894","17,894"
CATARAQUI WOODS DRIVE @ GARDINERS ROAD (900362),2017,"18,074","16,994","7,123","7,293"
BROCK STREET @ BARRIE STREET (900408),2017,"4,148","4,549","10,770","12,107"
BROCK STREET @ ALFRED STREET (900412),2017,"2,828","2,522","8,533","8,545"
BROCK STREET @ VICTORIA STREET (900416),2017,"1,500","1,325","8,819","8,658"
BROCK STREET @ MACDONNELL STREET (900418),2017,"1,087",906,"10,527","10,496"
BROCK STREET @ NAPIER STREET (900419),2017,494,521,"10,604","10,557"
JOHN COUNTER BLVD @ ASCOT LANE (900494),2017,823,461,57,"1,298"
JOHN COUNTER BOULEVARD @ ELLIOTT AVENUE (900498),2017,0,"2,303","9,435","8,120"
TAYLOR-KIDD BOULEVARD @ BLACKBURN MEWS / MIDPARK DRIVE (900526),2017,"3,266","5,958","19,020","18,359"
TAYLOR-KIDD BOULEVARD @ MILFORD DRIVE (900532),2017,"2,382","2,211","19,814","18,441"
TAYLOR-KIDD BOULEVARD @ PEMBRIDGE CRESCENT (900534),2017,"1,206",522,"18,281","18,142"
TAYLOR-KIDD BOULEVARD @ MONA DRIVE (900544),2017,"2,519","2,212","12,929","10,449"
BATH ROAD @ SIR JOHN A. MACDONALD BOULEVARD (900607),2017,"22,990","23,606","20,065","26,741"
SIR JOHN A. MACDONALD BLVD. @ ELMWOOD STREET (900608),2017,"21,907","22,398",0,"2,421"
PRINCESS STREET @ SIR JOHN A. MACDONALD BOULEVARD (900609),2017,"23,524","22,281","24,868","27,155"
PATRICK STREET @ STEPHEN STREET (900707),2017,"1,853","1,851","7,368","8,618"
CONCESSION STREET @ ALFRED STREET (900711),2017,"1,437","5,980","14,895","17,517"
CONCESSION STREET @ VICTORIA STREET (900716),2017,"1,977","1,891","18,544","18,655"
CONCESSION STREET @ MACDONNELL STREET (900718),2017,"1,393","3,185","19,089","19,634"
PRINCESS STREET @ UNIVERSITY AVENUE (900810),2017,0,"1,936","12,657","13,085"
PRINCESS STREET @ ALFRED STREET (900812),2017,"2,758","3,870","13,207","12,353"
PRINCESS STREET @ ALBERT STREET (900814),2017,759,"1,448","12,365","12,638"
PRINCESS STREET @ VICTORIA STREET (900816),2017,"1,993","2,177","13,102","12,820"
PRINCESS STREET @ MACDONNELL STREET (900818),2017,"2,951","2,044","13,988","15,172"
PRINCESS STREET @ CENTENNIAL DRIVE (900837),2017,"15,199","12,808","28,251","26,170"
PRINCESS STREET @ MIDLAND AVENUE (900842),2017,"15,992","9,592","27,121","24,548"
PRINCESS STREET @ BAYRIDGE DRIVE (900844),2017,"11,053","17,217","23,278","16,630"
PRINCESS STREET @ COLLINS BAY ROAD / CATARAQUI WOODS DRIVE (900852),2017,"3,066","9,731","10,969","10,900"
PRINCESS STREET @ BAXTER AVENUE (900856),2017,531,0,"10,868","10,422"
COUNTY ROAD 2 @ FORT HENRY DRIVE / NAVY WAY (900968),2017,"3,668","5,059","23,033","23,585"
NORMAN ROGERS DRIVE @ RODEN STREET (903006),2017,0,"1,365","1,367","1,478"
PORTSMOUTH AVENUE @ ELDON HALL PLACE (903950),2017,"16,918","16,654",0,626
MACDONNELL STREET @ MACK STREET (904211),2017,"1,332","1,214",902,721
MACDONNELL STREET @ PARK STREET (904215),2017,"1,895","1,475","1,112","1,602"
MACK STREET @ NAPIER STREET (904311),2017,403,424,706,674
VICTORIA STREET @ MACK STREET (904351),2017,"1,731","1,447",984,836
PARK STREET @ REGENT STREET (904516),2017,"1,978","1,646","2,007","2,242"
PARK STREET @ VICTORIA STREET (904751),2017,"2,101","1,848",0,929
PARK STREET @ NAPIER STREET (904754),2017,0,481,"1,610","1,785"
CLERGY STREET EAST @ WILLIAM STREET (906305),2017,"1,443","1,181",564,411
KING STREET EAST @ PRINCESS STREET (907001),2017,"5,070","5,973","4,341","5,427"
BARRIE STREET @ COLBORNE STREET (907061),2017,"2,079","2,476",637,941
BAGOT STREET @ BARRACK STREET (907203),2017,"5,783","5,865","4,774",414
QUEEN STREET @ SYDENHAM STREET (907302),2017,949,"1,178","9,507","9,405"
PRINCESS STREET @ CLERGY STREET EAST (907401),2017,"2,025","2,243","6,464","6,454"
PINE STREET @ BARRIE STREET (907861),2017,0,"1,050","1,291","1,774"
WELLER AVENUE @ WILSON STREET (908612),2017,"1,724",650,"2,586","2,535"
WELLER AVENUE @ COMPTON STREET (908762),2017,"1,750",0,"3,766","4,217"
MIDDLE ROAD @ JOYCEVILLE ROAD (909060),2017,"1,597","1,265","1,080","1,054"
QUEEN STREET @ BAGOT STREET (909104),2017,"5,488","4,519","8,861","10,403"
QUEEN STREET @ BARRIE STREET (909108),2017,"2,194","3,126","8,031","7,697"
BARRIE STREET @ UNION STREET (909306),2017,"5,202","5,324",0,"3,453"
BAYRIDGE DRIVE @ HENDERSON BOULEVARD (909453),2017,"10,519","7,553","3,271",0
BAYRIDGE DRIVE @ CATARAQUI WOODS DRIVE (909470),2017,"8,023","7,661","3,755","4,428"
CONACHER DRIVE @ WILSON STREET (909607),2017,0,"2,391","3,262","4,871"
UNION ST @ WEST CAMPUS LN (909819),2017,404,0,"4,249","3,850"
CENTENNIAL DRIVE @ KINGSDALE AVENUE / MALABAR DRIVE (909953),2017,"17,195","16,780","1,257",19
HIGHGATE PARK DRIVE @ PRINCE CHARLES DR (933463),2017,213,578,691,722
GARDINER'S ROAD @ FORTUNE CRESCENT (SOUTH) (935643),2017,"17,684","18,014","4,488","1,046"
MIDLAND AVENUE @ LOBLAWS ENTRANCE (936001),2017,"14,245","16,132","3,360",0
MIDLAND AVENUE @ CATARAQUI WOODS DRIVE (936005),2017,"9,185","11,887","7,057","6,513"
ONTARIO STREET @ JOHNSON STREET (900001),2018,"8,069","6,866",744,"2,457"
BROCK STREET @ ONTARIO STREET (900004),2018,"9,024","5,059",888,"4,569"
ONTARIO STREET @ PRINCESS STREET (900005),2018,"12,039","11,287",746,"3,470"
ONTARIO STREET @ QUEEN STREET (900006),2018,"15,045","13,633","1,911","6,166"
ONTARIO STREET @ THE TRAGICALLY HIP WAY (900007),2018,"18,403","15,396",972,"5,411"
KING STREET EAST @ CLARENCE STREET (900022),2018,"7,266","7,144","1,773",866
JOHNSON STREET @ KING STREET (900023),2018,"5,839","5,074","3,195","4,543"
KING STREET WEST @ BEVERLEY STREET (900039),2018,615,0,"12,287","12,301"
KING STREET WEST @ PORTSMOUTH AVENUE (900054),2018,"6,453","3,694","15,465","14,826"
FRONT ROAD @ DAYS ROAD (900066),2018,"10,123",168,"17,231","10,715"
MONTREAL STREET @ RUSSELL STREET (900114),2018,"12,445","11,341","1,623",702
BATTERSEA ROAD @ KINGSTON MILLS ROAD (900155),2018,"6,390","7,682","3,130",0
DIVISION STREET @ KIRKPATRICK STREET (900228),2018,"20,538","19,848",0,"2,442"
DIVISION STREET @ SOUTH RAMP OF HWY 401 (900238),2018,"17,287","23,834","3,575","6,025"
PERTH ROAD @ MCADOOS LANE (900260),2018,"9,347","11,179","2,346",0
JOHNSON STREET @ SYDENHAM STREET (900306),2018,"1,561","1,059","8,117","8,090"
JOHNSON STREET @ ALBERT STREET (900314),2018,"1,638","1,879","10,537","10,632"
DAYS ROAD @ HENDERSON BOULEVARD (900345),2018,"13,170","11,504",0,"4,789"
GARDINERS ROAD @ O'CONNOR DRIVE (NORTH) (900360),2018,"18,994","21,889","2,801","4,950"
TAYLOR-KIDD BOULEVARD @ WATERLOO DRIVE (900517),2018,"2,460",0,"20,065","19,357"
TAYLOR-KIDD BOULEVARD @ CENTENNIAL DRIVE (900520),2018,"14,403","16,877","18,781","25,817"
TAYLOR KIDD BOULEVARD @ RIOCAN CENTRE (900523),2018,0,"5,921","27,461","22,489"
TAYLOR-KIDD BOULEVARD @ OLD COLONY ROAD (900528),2018,"4,292",0,"18,423","16,600"
TAYLOR-KIDD BOULEVARD @ PROGRESS AVENUE (900530),2018,0,"6,302","16,671","19,743"
TAYLOR-KIDD BOULEVARD @ CORONATION BOULEVARD (900580),2018,656,"3,734","11,036","7,234"
COUNTY ROAD 15 @ MEDLEY COURT (900631),2018,"18,939","17,919","1,683","1,023"
COUNTY ROAD 15 @ POINT ST. MARK DRIVE / GRENADIER DRIVE (900632),2018,"16,960","18,695","2,680","1,338"
COUNTY ROAD 15 @ ROSE ABBEY DRIVE (900637),2018,"17,645","15,675","7,363","3,777"
CONCESSION STREET @ LEROY GRANT DRIVE (900719),2018,"2,105","1,618","9,244","10,077"
BATH ROAD @ PALACE ROAD (900724),2018,"2,850","6,651","14,757","17,988"
BATH ROAD @ ARMSTRONG ROAD (900761),2018,"4,599",0,"36,020","34,011"
BATH ROAD @ CENTENNIAL DRIVE (900763),2018,"14,755","1,699","32,541","28,906"
BATH ROAD @ TANNER DRIVE (900765),2018,"3,225",0,"31,859","32,164"
BATH ROAD @ MCEWEN DRIVE (900769),2018,162,"2,692","24,308","23,000"
PRINCESS STREET @ CHATHAM STREET (900811),2018,655,0,"10,212","10,240"
800 PRINCESS STREET @ PRINCESS ST (900818A),2018,0,0,"12,846","12,846"
PRINCESS STREET @ FOOD BASICS ENTRANCE (900825),2018,"1,888",453,"27,278","27,808"
PRINCESS STREET @ WOODHAVEN AVENUE (900848),2018,"2,152",0,"15,335","13,963"
PRINCESS STREET @ ROSANNA AVENUE / LISA STREET (900850),2018,"1,140","1,718","13,347","11,647"
COUNTY ROAD 2 @ GLENVIEW AVENUE / GATES BOULEVARD (900955),2018,306,174,"5,755","6,083"
COUNTY ROAD 2 @ FORT HENRY DRIVE / NAVY WAY (900968),2018,"3,532","4,841","21,684","21,945"
KIRKPATRICK STREET @ LYONS STREET (901210),2018,"2,307",0,"2,189","3,312"
NORMAN ROGERS DRIVE @ MULCASTER STREET (903007),2018,"1,439","1,690",0,620
YONGE STREET @ GRANGE STREET (903143),2018,"3,051","1,631","1,434",408
PARK STREET @ HELEN STREET (904757),2018,484,473,"2,099","2,265"
CLERGY STREET EAST @ WILLIAM STREET (906305),2018,"1,712","1,443",653,509
BAGOT STREET @ EARL STREET (906454),2018,"3,519","3,269",842,919
QUEEN STREET @ KING STREET EAST (907002),2018,"3,305","5,108","6,237","7,195"
KING STREET EAST @ BARRACK STREET / THE TRAGICALLY HIP WAY (907003),2018,"1,161","3,171","5,503","5,774"
QUEEN STREET @ WELLINGTON STREET (907102),2018,"3,482","4,071","7,024","7,569"
CATARAQUI STREET @ ORCHARD STREET (907114),2018,800,0,926,"1,704"
RIDEAU STREET @ BAY STREET (907155),2018,"7,285","5,006","3,226",953
RAGLAN ROAD @ RIDEAU STREET (907455),2018,"6,872","7,298",0,883
CATARAQUI STREET @ RIDEAU STREET (907955),2018,"6,416","6,768","2,576",508
RIVER STREET @ ORCHARD STREET (908001),2018,40,151,72,34
MIDDLE ROAD @ JOYCEVILLE ROAD (909060),2018,"2,191","1,777","1,536","1,535"
BAYRIDGE DRIVE @ HUDSON DRIVE (909461),2018,"12,798","11,744","2,151","2,220"
BAYRIDGE DRIVE @ OLD COLONY ROAD (909465),2018,"16,304","15,727","2,004","1,824"
COLLINS BAY ROAD @ WOODBINE ROAD (909559),2018,"11,064","12,373","2,071","1,382"
CONACHER DRIVE @ WILSON STREET (909607),2018,"2,555","1,777",0,"1,508"
ELLIOTT AVENUE @ LYONS STREET (909658),2018,0,"2,376","3,918","4,028"
WOODBINE ROAD @ WESTBROOK ROAD (909850),2018,"1,050",0,"1,029",203
WELLINGTON STREET @ PLACE D'ARMES (909903),2018,"7,020","3,174","5,744",0
CENTENNIAL DRIVE @ FRONTENAC MALL ENTRANCE (909950),2018,"14,154","13,482","3,803",511
CENTENNIAL DRIVE @ WATERLOO DRIVE (909960),2018,"15,554","14,764","3,326",0
CENTENNIAL DRIVE @ DAVIS DRIVE NORTH (909961),2018,"13,154","13,903","2,178","2,479"
GRENADIER DRIVE @ WINDFIELD CRESCENT (912111),2018,627,0,"1,803","2,396"
GREENWOOD PARK DRIVE @ MCCALLUM DRIVE (912414),2018,"1,595",0,304,"1,571"
HENDERSON BOULEVARD @ MCEWEN DRIVE (931323),2018,679,431,"4,797","4,701"
DEVELOPMENT DRIVE @ TRUEDELL ROAD (933007),2018,"1,716",0,"4,712","3,929"
AUGUSTA DRIVE @ CROSSFIELD AVENUE (935106),2018,0,"1,509","2,315","1,790"
GARDINER'S ROAD @ FORTUNE CRESCENT (SOUTH) (935643),2018,"18,782","19,299","4,722",974
MIDLAND AVENUE @ TIVOLI AVENUE (936008),2018,"8,128","8,466",0,"2,269"
BUR BROOK ROAD @ JACKSON MILLS ROAD (943040),2018,0,"1,295","1,481",338
MCIVOR ROAD @ SUNNYSIDE ROAD (943103),2018,"2,470","3,150",901,"2,860"
ONTARIO STREET @ THE TRAGICALLY HIP WAY (900007),2019,"17,380","14,642",889,"5,058"
KING STREET WEST @ LOWER UNIVERSITY AVE (900035),2019,"2,196",109,"12,869","13,335"
DIVISION STREET @ PINE STREET (900218),2019,"9,915","9,375","1,948","1,558"
DIVISION STREET @ ELLIOTT AVENUE (900231),2019,"19,038","19,761","4,183","4,347"
JOHNSON STREET @ YONGE STREET (900329),2019,0,"1,834","11,050","10,607"
SIR JOHN A. MACDONALD BLVD. @ NORMAN ROGERS DRIVE (900605),2019,"22,707","23,199",0,"2,484"
BATH ROAD @ PORTSMOUTH AVENUE (900727),2019,"11,385","14,837","25,941","30,745"
BATH ROAD @ GARDINERS ROAD (900767),2019,"26,707","9,323","30,454","28,002"
PRINCESS STREET @ REGENT STREET (900821),2019,0,"2,394","16,400","17,243"
PRINCESS STREET @ PARKWAY (900829),2019,"1,563","1,354","31,553","31,100"
PRINCESS STREET @ AUGUSTA DRIVE / FUTURES GATE (900835),2019,"3,509","7,776","31,744","30,894"
PRINCESS STREET @ ROSANNA AVENUE / LISA STREET (900850),2019,"1,124","1,556","12,496","10,862"
COUNTY ROAD 2 @ FORT HENRY DRIVE / NAVY WAY (900968),2019,"3,325","4,703","21,044","21,128"
MACDONNELL STREET @ UNION STREET (904205),2019,830,0,"9,449","9,697"
WILLIAM STREET @ ABERDEEN STREET (905008),2019,271,343,445,473
BARRIE STREET @ CLERGY STREET (906303),2019,"4,359","4,748",945,695
PATRICK STREET @ JOHN STREET (907409),2019,"1,586","1,219",707,374
SAND HILL ROAD @ SAND GULLY ROAD (909030),2019,223,0,592,613
QUEEN MARY ROAD @ ROBERT WALLACE DRIVE (909340),2019,"7,426","6,402","1,493",0
DALTON AVENUE @ KING'S CROSSING ENTRANCE (909623A),2019,"2,390","2,560","7,165","7,091"
CENTENNIAL DRIVE @ CROSSFIELD AVENUE (909967),2019,"9,620","10,844","2,927",0
POINT SAINT MARK DRIVE @ BARKER DRIVE (NORTH) (912214),2019,855,660,294,0
ST MARTHA STREET @ JASMINE STREET (912451),2019,381,303,882,"1,321"
COUNTY ROAD 15 @ INNOVATION DRIVE / BISCAYNE STREET (912501),2019,"17,107","19,151","5,010","1,420"
ONTARIO STREET @ CLARENCE STREET (900002),2020,"6,690","6,334",617,677
ONTARIO STREET @ THE TRAGICALLY HIP WAY (900007),2020,"16,559","13,980",850,"4,301"
KING STREET WEST @ BARRIE STREET (900032),2020,"1,736",344,"7,972","8,266"
KING STREET WEST @ GEORGE STREET (900033),2020,602,0,"9,986","10,406"
KING STREET WEST @ LOWER UNIVERSITY AVE (900035),2020,"1,970",314,"10,453","11,102"
KING STREET WEST @ SIR JOHN A. MACDONALD BOULEVARD (900047),2020,"5,250",282,"14,032","11,523"
KING STREET WEST @ YONGE STREET (900049),2020,814,"1,360","11,562","11,291"
KING STREET WEST @ COUNTRY CLUB DRIVE (900055),2020,"2,848",661,"17,202","17,872"
KING STREET WEST @ TRAILHEAD PLACE (900055A),2020,459,282,"13,513","13,316"
FRONT ROAD @ INVISTA EAST ENTRANCE / SAND BAY LANE (900059),2020,0,904,"17,632","17,734"
FRONT ROAD @ INVISTA WEST ENTRANCE (900060),2020,0,816,"9,098","9,411"
DIVISION STREET @ UNION STREET (900201),2020,"1,920",0,"2,666","3,478"
DIVISION STREET @ RAILWAY STREET (900226),2020,"18,792","16,519","4,748",0
DIVISION STREET @ JOHN COUNTER BOULEVARD (900233),2020,"22,753","15,778","7,098","13,875"
PERTH ROAD @ UNITY ROAD (900285),2020,"8,837","8,684","2,960","3,842"
JOHNSON STREET @ CLERGY STREET EAST (900307),2020,"2,258","1,547","6,832","7,380"
JOHNSON STREET @ VICTORIA STREET (900316),2020,"1,355","1,195","9,634","9,450"
GARDINERS ROAD @ TAYLOR-KIDD BOULEVARD (900356),2020,"22,494","24,558","16,929","14,606"
COUNTY ROAD 38 @ UNITY ROAD (900381),2020,"11,111","10,598","1,836","1,455"
SYDENHAM ROAD @ CATARAQUI WOODS DRIVE (900453),2020,"15,776","13,996",0,"2,236"
PRINCESS STREET @ SIR JOHN A. MACDONALD BOULEVARD (900609),2020,"18,479","16,857","23,261","21,371"
COUNTY ROAD 2 @ HIGHWAY 15 (900625),2020,"14,093",0,"13,318","19,166"
COUNTY ROAD 15 @ ROSE ABBEY DRIVE (900637),2020,"12,668","11,298","5,319","3,616"
BATH ROAD @ PORTSMOUTH AVENUE (900727),2020,"7,662","8,809","16,711","20,307"
BATH ROAD @ GARDINERS ROAD (900767),2020,"25,587","9,160","28,910","26,382"
BATH ROAD @ COLLINS BAY ROAD (900777),2020,"8,374",34,"15,179","14,969"
PRINCESS STREET @ MACDONNELL STREET (900818),2020,"1,787","1,263","9,093","9,828"
PRINCESS STREET @ COLLINS BAY ROAD / CATARAQUI WOODS DRIVE (900852),2020,"3,454","10,965","12,405","12,323"
COUNTY ROAD 2 @ ABBEY DAWN ROAD (900936),2020,823,102,"4,338","4,695"
COUNTY ROAD 2 @ FORT HENRY DRIVE / NAVY WAY (900968),2020,"1,718","3,319","19,738","19,997"
INDIAN ROAD @ OLD QUARRY ROAD (902709),2020,496,587,488,391
BARRIE STREET @ O'KILL STREET (905050),2020,"2,879","2,826",0,256
BARRIE STREET @ STUART STREET (905051),2020,"4,424","2,946",1,"3,688"
KGH Main Entrance @ STUART STREET (905053a),2020,0,"1,800","3,684","3,918"
STUART STREET @ LOWER UNIVERSITY AVE (905054),2020,"1,588","1,861","3,944","3,426"
UNIVERSITY AVENUE @ STUART STREET (905055),2020,"2,369",0,"3,372","2,263"
BARRIE STREET @ UNION STREET (909306),2020,"3,276","3,918",0,"2,421"
BAYRIDGE DRIVE @ COVERDALE DRIVE (909457),2020,"9,862","8,624","6,725","1,741"
WESTBROOK ROAD @ OTTAWA STREET (909859),2020,"2,504","2,448",791,439
BAYRIDGE DRIVE @ CREEKFORD RD (936507),2020,0,"7,298","8,733","2,373"
ONTARIO STREET @ THE TRAGICALLY HIP WAY (900007),2021,"16,605","13,802",760,"4,439"
COUNTY ROAD 15 @ ROSE ABBEY DRIVE (900637),2021,"17,019","13,337","8,520","5,440"
PATRICK STREET @ STEPHEN STREET (900707),2021,"1,741","2,072","6,984","8,362"
CONCESSION STREET @ FERGUS STREET (900713),2021,391,0,"17,843","17,993"
CONCESSION STREET @ KINGSCOURT AVENUE (900714),2021,"1,374",0,"18,012","18,770"
PRINCESS STREET @ HOLDEN ST (900846),2021,"1,877",0,"18,280","16,947"
PRINCESS STREET @ ROSANNA AVENUE / LISA STREET (900850),2021,"1,365","1,668","14,878","13,025"
COUNTY ROAD 2 @ FORT HENRY DRIVE / NAVY WAY (900968),2021,"1,340","2,763","19,629","20,042"
KINGSCOURT AVENUE @ KIRKPATRICK STREET (901856),2021,995,"2,208","3,910","1,618"
BAIDEN STREET @ MOWAT AVENUE (903155),2021,743,250,707,479
CHURCHILL STREET @ MOWAT AVENUE (903255),2021,768,748,0,551
MOWAT AVENUE @ FORSYTHE AVENUE (903411),2021,"1,363","1,329",275,0
CONACHER DRIVE @ SUTHERLAND DRIVE (908920),2021,760,"2,570","3,024",0
SUTHERLAND DRIVE @ VIRGINIA STREET (908923),2021,"1,610",0,"1,873","2,912"
BARRIE STREET @ UNION STREET (909306),2021,136,"1,652","2,348","1,545"
COLLINS BAY ROAD @ SAFARI DRIVE NORTH / HUMBERSIDE DRIVE (909558),2021,"13,636","13,343","1,243",495
COLLINS BAY ROAD @ WOODBINE ROAD (909559),2021,"12,220","13,617","2,237","1,523"
CONACHER DRIVE @ WILSON STREET (909607),2021,0,"2,560","3,358","5,166"
CONACHER DRIVE @ SUTHERLAND DRIVE WEST (909608),2021,"3,210",0,"5,171","7,718"
MILFORD DRIVE @ DANBURY ROAD (933035),2021,"2,072","1,153",955,338
MONA DRIVE @ WOODSIDE DRIVE (933071),2021,"2,848","2,491","1,034",0
WOODBINE ROAD @ KATHARINE CRESCENT (933092),2021,"1,749",0,"3,704","3,679"
BIRCHWOOD DRIVE @ BRACKENWOOD CRESCENT (SOUTH) (936113),2021,"1,822","2,414",672,172
